ORIGIN ID,ORIGIN CODE,ORIGIN NAME,ORIGIN COUNTRY CODE,ORIGIN LATITUDE,ORIGIN LONGITUDE,DESTINATION ID,DESTINATION CODE,DESTINATION NAME,DESTINATION COUNTRY CODE,DESTINATION LATITUDE,DESTINATION LONGITUDE,PRODUCT ID,PRODUCT CODE,PRODUCT NAME,PRODUCT CATEGORY,PRODUCT TYPE,TYPE OF LEG,VEHICLE MODEL ID,TIME PERIOD,QUANTITY,WEIGHT MOVED,TRANSPORTATION COST,TARIFF COST,DUTY COST,IN-TRANSIT INVENTORY COST,TOTAL LEAD TIME
GDEUML_TUG,GDEUML_TUG,EU WH,,54.526,15.255,GDEUML_1_TUG,GDEUML_1_TUG,EU WH,,54.526,15.255,TUG_CKW_CAROUSEL_SYNTHETIC,,,,MANUFACTURED,W-R,40_Feet_Container,10-2021,3622.0,26.653,46.643,0.0,0.0,198.99132214842004,1.0
L2_99_TEEJAY_TUG,L2_99_TEEJAY_TUG,TEEJAY_SRI LANKA,,6.9531,80.2056,L1_10_MAS_BGD_TUG,L1_10_MAS_BGD_TUG,MAS_Bangladesh,,22.3304,91.8326,TUG_CKW_CAROUSEL_COTTON_MBF,,,,RAW_MATERIAL,S-F,40_Feet_Container,06-2021,63592.306633961,101.748,178.058,0.0,0.0,1214.6130567086554,31.0
L2_88_TEEJAY_TUG,L2_88_TEEJAY_TUG,TEEJAY_SOUTH INDIA,,28.613889,77.208889,L1_12_MAS_SRI_TUG,L1_12_MAS_SRI_TUG,MAS_Sri Lanka,,6.9344,79.8428,TUG_CKW_CAROUSEL_COTTON_MBF,,,,RAW_MATERIAL,S-F,40_Feet_Container,04-2021,4477.038469799,7.163,12.536,0.0,0.0,85.51143477316093,31.0
L1_10_MAS_BGD_TUG,L1_10_MAS_BGD_TUG,MAS_Bangladesh,,22.3304,91.8326,W06_TUG,W06_TUG,Canada WH,,45.4215,-75.697,TUG_CKW_CAROUSEL_COTTON,,,,MANUFACTURED,F-W,40_Feet_Container,04-2021,1066960.0,7851.425,485479.759,0.0,0.0,95649.0835180142,65.0
DC_JV_Australia_Australia_TUG,DC_JV_Australia_Australia_TUG,AUS WH,,-35.2809,149.13,DC_JV_Australia_Australia_1_TUG,DC_JV_Australia_Australia_1_TUG,AUS WH,,-35.2809,149.13,TUG_CKW_CAROUSEL_COTTON,,,,MANUFACTURED,W-R,40_Feet_Container,06-2021,133448.0,982.002,1718.504,0.0,0.0,3987.709285356514,1.0
DC_JV_Australia_Australia_TUG,DC_JV_Australia_Australia_TUG,AUS WH,,-35.2809,149.13,DC_JV_Australia_Australia_1_TUG,DC_JV_Australia_Australia_1_TUG,AUS WH,,-35.2809,149.13,TUG_CKW_CAROUSEL_COTTON,,,,MANUFACTURED,W-R,40_Feet_Container,07-2021,2900.0,21.34,37.345,0.0,0.0,86.65815094669004,1.0
L2_99_TEEJAY_TUG,L2_99_TEEJAY_TUG,TEEJAY_SRI LANKA,,6.9531,80.2056,L1_10_MAS_BGD_TUG,L1_10_MAS_BGD_TUG,MAS_Bangladesh,,22.3304,91.8326,TUG_CKW_CAROUSEL_COTTON_MBF,,,,RAW_MATERIAL,S-F,40_Feet_Container,01-2021,311721.074139144,498.754,872.819,0.0,0.0,5953.872516057652,31.0
DC_99949_CHINA_TUG,DC_99949_CHINA_TUG,CHINA WH,,35.8617,104.19,DC_99949_CHINA_1_TUG,DC_99949_CHINA_1_TUG,CHINA WH,,35.8617,104.19,TUG_CKW_CAROUSEL_COTTON,,,,MANUFACTURED,W-R,40_Feet_Container,07-2021,14703.0,108.195,189.341,0.0,0.0,439.3568252997185,1.0
DC_99970_HONG_KONG_TUG,DC_99970_HONG_KONG_TUG,HK WH,,22.3193,114.16,DC_99970_HONG_KONG_1_TUG,DC_99970_HONG_KONG_1_TUG,HK WH,,22.3193,114.16,TUG_CKW_CAROUSEL_COTTON,,,,MANUFACTURED,W-R,40_Feet_Container,06-2021,809.0,5.953,10.418,0.0,0.0,24.17463590202491,1.0
L2_88_TEEJAY_TUG,L2_88_TEEJAY_TUG,TEEJAY_SOUTH INDIA,,28.613889,77.208889,L1_10_MAS_BGD_TUG,L1_10_MAS_BGD_TUG,MAS_Bangladesh,,22.3304,91.8326,TUG_CKW_CAROUSEL_COTTON_TRIM,,,,RAW_MATERIAL,S-F,40_Feet_Container,05-2021,104.85,0.168,0.294,0.0,0.0,0.241155,31.0
DC_99970_HONG_KONG_TUG,DC_99970_HONG_KONG_TUG,HK WH,,22.3193,114.16,DC_99970_HONG_KONG_1_TUG,DC_99970_HONG_KONG_1_TUG,HK WH,,22.3193,114.16,TUG_CKW_CAROUSEL_COTTON,,,,MANUFACTURED,W-R,40_Feet_Container,08-2021,681.0,5.011,8.77,0.0,0.0,20.349724411964107,1.0
L1_12_MAS_SRI_TUG,L1_12_MAS_SRI_TUG,MAS_Sri Lanka,,6.9344,79.8428,DC_JV_Australia_Australia_TUG,DC_JV_Australia_Australia_TUG,AUS WH,,-35.2809,149.13,TUG_CKW_CAROUSEL_COTTON,,,,MANUFACTURED,F-W,40_Feet_Container,03-2021,72570.0,534.02,20559.767,0.0,21685.455221383774,4337.091044276755,52.613
GDEUML_TUG,GDEUML_TUG,EU WH,,54.526,15.255,GDEUML_1_TUG,GDEUML_1_TUG,EU WH,,54.526,15.255,TUG_CKW_CAROUSEL_COTTON,,,,MANUFACTURED,W-R,40_Feet_Container,05-2021,245195.0,1804.313,3157.548,0.0,0.0,7326.946662542642,1.0
DC_JV_Baseco_Mexico_TUG,DC_JV_Baseco_Mexico_TUG,MEX WH,,23.6345,-102.55,DC_JV_Baseco_Mexico_1_TUG,DC_JV_Baseco_Mexico_1_TUG,MEX WH,,23.6345,-102.55,TUG_CKW_CAROUSEL_COTTON,,,,MANUFACTURED,W-R,40_Feet_Container,09-2021,50880.0,374.41,655.217,0.0,0.0,1520.4023172991683,1.0
GDEUML_TUG,GDEUML_TUG,EU WH,,54.526,15.255,GDEUML_1_TUG,GDEUML_1_TUG,EU WH,,54.526,15.255,TUG_CKW_CAROUSEL_SYNTHETIC,,,,MANUFACTURED,W-R,40_Feet_Container,09-2021,3006.0,22.12,38.71,0.0,0.0,165.14851308066005,1.0
L1_10_MAS_BGD_TUG,L1_10_MAS_BGD_TUG,MAS_Bangladesh,,22.3304,91.8326,DC_JV_Baseco_Mexico_TUG,DC_JV_Baseco_Mexico_TUG,MEX WH,,23.6345,-102.55,TUG_CKW_CAROUSEL_COTTON,,,,MANUFACTURED,F-W,40_Feet_Container,05-2021,130128.0,957.571,60901.53,0.0,97212.51608957656,11665.501930749188,66.0
L2_88_TEEJAY_TUG,L2_88_TEEJAY_TUG,TEEJAY_SOUTH INDIA,,28.613889,77.208889,L1_10_MAS_BGD_TUG,L1_10_MAS_BGD_TUG,MAS_Bangladesh,,22.3304,91.8326,TUG_CKW_CAROUSEL_COTTON_MBF,,,,RAW_MATERIAL,S-F,40_Feet_Container,07-2021,21188.368698819,33.901,59.327,0.0,0.0,809.395684294886,31.0
L1_12_MAS_SRI_TUG,L1_12_MAS_SRI_TUG,MAS_Sri Lanka,,6.9344,79.8428,W06_TUG,W06_TUG,Canada WH,,45.4215,-75.697,TUG_CKW_CAROUSEL_SYNTHETIC,,,,MANUFACTURED,F-W,40_Feet_Container,04-2021,9960.0,73.293,3847.857,0.0,19699.151979441605,1641.5959982868003,65.0
W06_TUG,W06_TUG,Canada WH,,45.4215,-75.697,W06_1_TUG,W06_1_TUG,Canada WH,,45.4215,-75.697,TUG_CKW_CAROUSEL_SYNTHETIC,,,,MANUFACTURED,W-R,40_Feet_Container,07-2021,1200.0,8.83,15.453,0.0,0.0,65.92755013200002,1.0
DC_99949_CHINA_TUG,DC_99949_CHINA_TUG,CHINA WH,,35.8617,104.19,DC_99949_CHINA_1_TUG,DC_99949_CHINA_1_TUG,CHINA WH,,35.8617,104.19,TUG_CKW_CAROUSEL_COTTON,,,,MANUFACTURED,W-R,40_Feet_Container,06-2021,4268.0,31.407,54.962,0.0,0.0,127.53689249671484,1.0
GDEUML_TUG,GDEUML_TUG,EU WH,,54.526,15.255,GDEUML_1_TUG,GDEUML_1_TUG,EU WH,,54.526,15.255,TUG_CKW_CAROUSEL_COTTON,,,,MANUFACTURED,W-R,40_Feet_Container,06-2021,22146.0,162.965,285.19,0.0,0.0,661.7694520225508,1.0
DC_99970_HONG_KONG_TUG,DC_99970_HONG_KONG_TUG,HK WH,,22.3193,114.16,DC_99970_HONG_KONG_1_TUG,DC_99970_HONG_KONG_1_TUG,HK WH,,22.3193,114.16,TUG_CKW_CAROUSEL_COTTON,,,,MANUFACTURED,W-R,40_Feet_Container,05-2021,19983.0,147.049,257.335,0.0,0.0,597.1344242647266,1.0
L1_10_MAS_BGD_TUG,L1_10_MAS_BGD_TUG,MAS_Bangladesh,,22.3304,91.8326,GDEUML_TUG,GDEUML_TUG,EU WH,,54.526,15.255,TUG_CKW_CAROUSEL_COTTON,,,,MANUFACTURED,F-W,40_Feet_Container,09-2021,174489.0,1284.01,72589.362,0.0,0.0,10428.20282795655,62.0
L2_99_TEEJAY_TUG,L2_99_TEEJAY_TUG,TEEJAY_SRI LANKA,,6.9531,80.2056,L1_12_MAS_SRI_TUG,L1_12_MAS_SRI_TUG,MAS_Sri Lanka,,6.9344,79.8428,TUG_CKW_CAROUSEL_COTTON_MBF,,,,RAW_MATERIAL,S-F,40_Feet_Container,02-2021,5983.632526996,9.574,16.754,0.0,0.0,114.28738126562362,31.0
L2_99_TEEJAY_TUG,L2_99_TEEJAY_TUG,TEEJAY_SRI LANKA,,6.9531,80.2056,L1_10_MAS_BGD_TUG,L1_10_MAS_BGD_TUG,MAS_Bangladesh,,22.3304,91.8326,TUG_CKW_CAROUSEL_COTTON_TRIM,,,,RAW_MATERIAL,S-F,40_Feet_Container,01-2021,128353.2,205.365,359.389,0.0,0.0,147.60618,31.0
L1_10_MAS_BGD_TUG,L1_10_MAS_BGD_TUG,MAS_Bangladesh,,22.3304,91.8326,DC_99970_HONG_KONG_TUG,DC_99970_HONG_KONG_TUG,HK WH,,22.3193,114.16,TUG_CKW_CAROUSEL_COTTON,,,,MANUFACTURED,F-W,40_Feet_Container,07-2021,2097.0,15.431,463.449,0.0,0.0,125.32561554152346,47.0
L1_12_MAS_SRI_TUG,L1_12_MAS_SRI_TUG,MAS_Sri Lanka,,6.9344,79.8428,DC_JV_Australia_Australia_TUG,DC_JV_Australia_Australia_TUG,AUS WH,,-35.2809,149.13,TUG_CKW_CAROUSEL_COTTON,,,,MANUFACTURED,F-W,40_Feet_Container,04-2021,38049.0,279.991,10779.641,0.0,11369.848225415892,2273.969645083179,52.613
GDEUML_TUG,GDEUML_TUG,EU WH,,54.526,15.255,GDEUML_1_TUG,GDEUML_1_TUG,EU WH,,54.526,15.255,TUG_CKW_CAROUSEL_SYNTHETIC,,,,MANUFACTURED,W-R,40_Feet_Container,07-2021,3407.0,25.071,43.874,0.0,0.0,187.17930274977005,1.0
W06_TUG,W06_TUG,Canada WH,,45.4215,-75.697,W06_1_TUG,W06_1_TUG,Canada WH,,45.4215,-75.697,TUG_CKW_CAROUSEL_SYNTHETIC,,,,MANUFACTURED,W-R,40_Feet_Container,05-2021,9540.0,70.202,122.853,0.0,0.0,524.1240235494001,1.0
DC_JV_Baseco_Mexico_TUG,DC_JV_Baseco_Mexico_TUG,MEX WH,,23.6345,-102.55,DC_JV_Baseco_Mexico_1_TUG,DC_JV_Baseco_Mexico_1_TUG,MEX WH,,23.6345,-102.55,TUG_CKW_CAROUSEL_COTTON,,,,MANUFACTURED,W-R,40_Feet_Container,06-2021,33726.0,248.179,434.313,0.0,0.0,1007.804413388989,1.0
DC_JV_Australia_Australia_TUG,DC_JV_Australia_Australia_TUG,AUS WH,,-35.2809,149.13,DC_JV_Australia_Australia_1_TUG,DC_JV_Australia_Australia_1_TUG,AUS WH,,-35.2809,149.13,TUG_CKW_CAROUSEL_COTTON,,,,MANUFACTURED,W-R,40_Feet_Container,10-2021,10451.0,76.906,134.585,0.0,0.0,312.2980467392612,1.0
DC_JV_Australia_Australia_TUG,DC_JV_Australia_Australia_TUG,AUS WH,,-35.2809,149.13,DC_JV_Australia_Australia_1_TUG,DC_JV_Australia_Australia_1_TUG,AUS WH,,-35.2809,149.13,TUG_CKW_CAROUSEL_SYNTHETIC,,,,MANUFACTURED,W-R,40_Feet_Container,09-2021,125.0,0.92,1.61,0.0,0.0,6.867453138750002,1.0
W06_TUG,W06_TUG,Canada WH,,45.4215,-75.697,W06_1_TUG,W06_1_TUG,Canada WH,,45.4215,-75.697,TUG_CKW_CAROUSEL_SYNTHETIC,,,,MANUFACTURED,W-R,40_Feet_Container,06-2021,420.0,3.091,5.409,0.0,0.0,23.074642546200007,1.0
L1_12_MAS_SRI_TUG,L1_12_MAS_SRI_TUG,MAS_Sri Lanka,,6.9344,79.8428,DC_99949_CHINA_TUG,DC_99949_CHINA_TUG,CHINA WH,,35.8617,104.19,TUG_CKW_CAROUSEL_COTTON,,,,MANUFACTURED,F-W,40_Feet_Container,05-2021,18971.0,139.602,4153.149,0.0,0.0,1133.7874355928668,47.613
W06_TUG,W06_TUG,Canada WH,,45.4215,-75.697,W06_1_TUG,W06_1_TUG,Canada WH,,45.4215,-75.697,TUG_CKW_CAROUSEL_COTTON,,,,MANUFACTURED,W-R,40_Feet_Container,09-2021,2575.0,18.949,33.16,0.0,0.0,76.94646161645753,1.0
L2_99_TEEJAY_TUG,L2_99_TEEJAY_TUG,TEEJAY_SRI LANKA,,6.9531,80.2056,L1_12_MAS_SRI_TUG,L1_12_MAS_SRI_TUG,MAS_Sri Lanka,,6.9344,79.8428,TUG_CKW_CAROUSEL_COTTON_MBF,,,,RAW_MATERIAL,S-F,40_Feet_Container,03-2021,26123.323360259,41.797,73.145,0.0,0.0,997.910952361894,31.0
DC_JV_Australia_Australia_TUG,DC_JV_Australia_Australia_TUG,AUS WH,,-35.2809,149.13,DC_JV_Australia_Australia_1_TUG,DC_JV_Australia_Australia_1_TUG,AUS WH,,-35.2809,149.13,TUG_CKW_CAROUSEL_SYNTHETIC,,,,MANUFACTURED,W-R,40_Feet_Container,10-2021,66.0,0.486,0.85,0.0,0.0,3.626015257260001,1.0
DC_JV_Baseco_Mexico_TUG,DC_JV_Baseco_Mexico_TUG,MEX WH,,23.6345,-102.55,DC_JV_Baseco_Mexico_1_TUG,DC_JV_Baseco_Mexico_1_TUG,MEX WH,,23.6345,-102.55,TUG_CKW_CAROUSEL_COTTON,,,,MANUFACTURED,W-R,40_Feet_Container,07-2021,17307.0,127.357,222.874,0.0,0.0,517.1698684256429,1.0
DC_JV_Australia_Australia_TUG,DC_JV_Australia_Australia_TUG,AUS WH,,-35.2809,149.13,DC_JV_Australia_Australia_1_TUG,DC_JV_Australia_Australia_1_TUG,AUS WH,,-35.2809,149.13,TUG_CKW_CAROUSEL_COTTON,,,,MANUFACTURED,W-R,40_Feet_Container,04-2021,72570.0,534.02,934.535,0.0,0.0,2168.5455221383777,1.0
W06_TUG,W06_TUG,Canada WH,,45.4215,-75.697,W06_1_TUG,W06_1_TUG,Canada WH,,45.4215,-75.697,TUG_CKW_CAROUSEL_COTTON,,,,MANUFACTURED,W-R,40_Feet_Container,05-2021,1066960.0,7851.425,13739.993,0.0,0.0,31883.02783933807,1.0
L1_12_MAS_SRI_TUG,L1_12_MAS_SRI_TUG,MAS_Sri Lanka,,6.9344,79.8428,DC_JV_Australia_Australia_TUG,DC_JV_Australia_Australia_TUG,AUS WH,,-35.2809,149.13,TUG_CKW_CAROUSEL_SYNTHETIC,,,,MANUFACTURED,F-W,40_Feet_Container,03-2021,16299.0,119.939,4617.661,0.0,8954.609496678902,1790.9218993357806,57.0
L1_12_MAS_SRI_TUG,L1_12_MAS_SRI_TUG,MAS_Sri Lanka,,6.9344,79.8428,DC_99953_KOREA_TUG,DC_99953_KOREA_TUG,KR WH,,35.9078,127.76,TUG_CKW_CAROUSEL_COTTON,,,,MANUFACTURED,F-W,40_Feet_Container,05-2021,800.0,5.887,226.648,0.0,0.0,47.81139362576002,52.613
L1_12_MAS_SRI_TUG,L1_12_MAS_SRI_TUG,MAS_Sri Lanka,,6.9344,79.8428,W46_TUG,W46_TUG,US WH,,37.0902,-95.712,TUG_CKW_CAROUSEL_SYNTHETIC,,,,MANUFACTURED,F-W,40_Feet_Container,04-2021,45676.0,336.115,17646.058,0.0,85320.35876182828,7528.266949573083,65.0
DC_99953_KOREA_TUG,DC_99953_KOREA_TUG,KR WH,,35.9078,127.76,DC_99953_KOREA_1_TUG,DC_99953_KOREA_1_TUG,KR WH,,35.9078,127.76,TUG_CKW_CAROUSEL_COTTON,,,,MANUFACTURED,W-R,40_Feet_Container,07-2021,300.0,2.208,3.863,0.0,0.0,8.964636304830004,1.0
L2_99_TEEJAY_TUG,L2_99_TEEJAY_TUG,TEEJAY_SRI LANKA,,6.9531,80.2056,L1_12_MAS_SRI_TUG,L1_12_MAS_SRI_TUG,MAS_Sri Lanka,,6.9344,79.8428,TUG_CKW_CAROUSEL_COTTON_TRIM,,,,RAW_MATERIAL,S-F,40_Feet_Container,03-2021,10756.45,17.21,30.118,0.0,0.0,24.739835,31.0
L1_10_MAS_BGD_TUG,L1_10_MAS_BGD_TUG,MAS_Bangladesh,,22.3304,91.8326,W06_TUG,W06_TUG,Canada WH,,45.4215,-75.697,TUG_CKW_CAROUSEL_COTTON,,,,MANUFACTURED,F-W,40_Feet_Container,05-2021,356299.0,2621.893,162120.373,0.0,0.0,31940.909507746255,65.0
DC_99953_KOREA_TUG,DC_99953_KOREA_TUG,KR WH,,35.9078,127.76,DC_99953_KOREA_1_TUG,DC_99953_KOREA_1_TUG,KR WH,,35.9078,127.76,TUG_CKW_CAROUSEL_COTTON,,,,MANUFACTURED,W-R,40_Feet_Container,06-2021,500.0,3.679,6.439,0.0,0.0,14.941060508050008,1.0
L2_99_TEEJAY_TUG,L2_99_TEEJAY_TUG,TEEJAY_SRI LANKA,,6.9531,80.2056,L1_12_MAS_SRI_TUG,L1_12_MAS_SRI_TUG,MAS_Sri Lanka,,6.9344,79.8428,TUG_CKW_CAROUSEL_COTTON_MBF,,,,RAW_MATERIAL,S-F,40_Feet_Container,07-2021,1450.250086653,2.32,4.061,0.0,0.0,55.39955331014461,31.0
W46_TUG,W46_TUG,US WH,,37.0902,-95.712,W46_1_TUG,W46_1_TUG,US WH,,37.0902,-95.712,TUG_CKW_CAROUSEL_SYNTHETIC,,,,MANUFACTURED,W-R,40_Feet_Container,05-2021,4076.0,29.994,52.49,0.0,0.0,223.93391194836005,1.0
L2_99_TEEJAY_TUG,L2_99_TEEJAY_TUG,TEEJAY_SRI LANKA,,6.9531,80.2056,L1_12_MAS_SRI_TUG,L1_12_MAS_SRI_TUG,MAS_Sri Lanka,,6.9344,79.8428,TUG_CKW_CAROUSEL_COTTON_TRIM,,,,RAW_MATERIAL,S-F,40_Feet_Container,04-2021,1843.45,2.95,5.162,0.0,0.0,2.1199675,31.0
DC_JV_Australia_Australia_TUG,DC_JV_Australia_Australia_TUG,AUS WH,,-35.2809,149.13,DC_JV_Australia_Australia_1_TUG,DC_JV_Australia_Australia_1_TUG,AUS WH,,-35.2809,149.13,TUG_CKW_CAROUSEL_SYNTHETIC,,,,MANUFACTURED,W-R,40_Feet_Container,06-2021,3905.0,28.736,50.287,0.0,0.0,214.5392360545501,1.0
L2_99_TEEJAY_TUG,L2_99_TEEJAY_TUG,TEEJAY_SRI LANKA,,6.9531,80.2056,L1_10_MAS_BGD_TUG,L1_10_MAS_BGD_TUG,MAS_Bangladesh,,22.3304,91.8326,TUG_CKW_CAROUSEL_COTTON_MBF,,,,RAW_MATERIAL,S-F,40_Feet_Container,05-2021,254.640746187,0.407,0.713,0.0,0.0,9.727276504343402,31.0
L2_88_TEEJAY_TUG,L2_88_TEEJAY_TUG,TEEJAY_SOUTH INDIA,,28.613889,77.208889,L1_12_MAS_SRI_TUG,L1_12_MAS_SRI_TUG,MAS_Sri Lanka,,6.9344,79.8428,TUG_CKW_CAROUSEL_COTTON_MBF,,,,RAW_MATERIAL,S-F,40_Feet_Container,01-2021,37219.442628297,59.551,104.214,0.0,0.0,710.891354200473,31.0
W46_TUG,W46_TUG,US WH,,37.0902,-95.712,W46_1_TUG,W46_1_TUG,US WH,,37.0902,-95.712,TUG_CKW_CAROUSEL_SYNTHETIC,,,,MANUFACTURED,W-R,40_Feet_Container,06-2021,41600.0,306.121,535.712,0.0,0.0,2285.4884045760004,1.0
L2_99_TEEJAY_TUG,L2_99_TEEJAY_TUG,TEEJAY_SRI LANKA,,6.9531,80.2056,L1_12_MAS_SRI_TUG,L1_12_MAS_SRI_TUG,MAS_Sri Lanka,,6.9344,79.8428,TUG_CKW_CAROUSEL_COTTON_TRIM,,,,RAW_MATERIAL,S-F,40_Feet_Container,01-2021,15325.35,24.521,42.911,0.0,0.0,17.6241525,31.0
L2_99_TEEJAY_TUG,L2_99_TEEJAY_TUG,TEEJAY_SRI LANKA,,6.9531,80.2056,L1_12_MAS_SRI_TUG,L1_12_MAS_SRI_TUG,MAS_Sri Lanka,,6.9344,79.8428,TUG_CKW_CAROUSEL_COTTON_TRIM,,,,RAW_MATERIAL,S-F,40_Feet_Container,02-2021,2463.8,3.942,6.899,0.0,0.0,2.83337,31.0
W46_TUG,W46_TUG,US WH,,37.0902,-95.712,W46_1_TUG,W46_1_TUG,US WH,,37.0902,-95.712,TUG_CKW_CAROUSEL_SYNTHETIC,,,,MANUFACTURED,W-R,40_Feet_Container,07-2021,42584.0,313.362,548.384,0.0,0.0,2339.5489956842407,1.0
GDEUML_TUG,GDEUML_TUG,EU WH,,54.526,15.255,GDEUML_1_TUG,GDEUML_1_TUG,EU WH,,54.526,15.255,TUG_CKW_CAROUSEL_COTTON,,,,MANUFACTURED,W-R,40_Feet_Container,08-2021,257432.0,1894.362,3315.133,0.0,0.0,7692.614177416659,1.0
GDEUML_TUG,GDEUML_TUG,EU WH,,54.526,15.255,GDEUML_1_TUG,GDEUML_1_TUG,EU WH,,54.526,15.255,TUG_CKW_CAROUSEL_COTTON,,,,MANUFACTURED,W-R,40_Feet_Container,07-2021,236654.0,1741.463,3047.56,0.0,0.0,7071.723466944132,1.0
DC_JV_Australia_Australia_TUG,DC_JV_Australia_Australia_TUG,AUS WH,,-35.2809,149.13,DC_JV_Australia_Australia_1_TUG,DC_JV_Australia_Australia_1_TUG,AUS WH,,-35.2809,149.13,TUG_CKW_CAROUSEL_SYNTHETIC,,,,MANUFACTURED,W-R,40_Feet_Container,04-2021,6920.0,50.922,89.114,0.0,0.0,380.1822057612001,1.0
W46_TUG,W46_TUG,US WH,,37.0902,-95.712,W46_1_TUG,W46_1_TUG,US WH,,37.0902,-95.712,TUG_CKW_CAROUSEL_COTTON,,,,MANUFACTURED,W-R,40_Feet_Container,06-2021,597641.0,4397.853,7696.243,0.0,0.0,17858.78068618303,1.0
W46_TUG,W46_TUG,US WH,,37.0902,-95.712,W46_1_TUG,W46_1_TUG,US WH,,37.0902,-95.712,TUG_CKW_CAROUSEL_SYNTHETIC,,,,MANUFACTURED,W-R,40_Feet_Container,08-2021,6900.0,50.775,88.856,0.0,0.0,379.0834132590001,1.0
L1_12_MAS_SRI_TUG,L1_12_MAS_SRI_TUG,MAS_Sri Lanka,,6.9344,79.8428,DC_JV_Baseco_Panama_TUG,DC_JV_Baseco_Panama_TUG,PAN WH,,8.538,-80.7821,TUG_CKW_CAROUSEL_COTTON,,,,MANUFACTURED,F-W,40_Feet_Container,06-2021,36869.0,271.307,13768.852,0.0,11017.239197425914,2203.4478394851826,59.613
L1_12_MAS_SRI_TUG,L1_12_MAS_SRI_TUG,MAS_Sri Lanka,,6.9344,79.8428,DC_JV_Australia_Australia_TUG,DC_JV_Australia_Australia_TUG,AUS WH,,-35.2809,149.13,TUG_CKW_CAROUSEL_SYNTHETIC,,,,MANUFACTURED,F-W,40_Feet_Container,05-2021,4096.0,30.141,1160.436,0.0,2250.3270445056005,450.0654089011201,57.0
L1_10_MAS_BGD_TUG,L1_10_MAS_BGD_TUG,MAS_Bangladesh,,22.3304,91.8326,DC_99970_HONG_KONG_TUG,DC_99970_HONG_KONG_TUG,HK WH,,22.3193,114.16,TUG_CKW_CAROUSEL_COTTON,,,,MANUFACTURED,F-W,40_Feet_Container,04-2021,31849.0,234.367,7038.817,0.0,0.0,1903.4313444835384,47.0
L1_12_MAS_SRI_TUG,L1_12_MAS_SRI_TUG,MAS_Sri Lanka,,6.9344,79.8428,DC_JV_Australia_Australia_TUG,DC_JV_Australia_Australia_TUG,AUS WH,,-35.2809,149.13,TUG_CKW_CAROUSEL_COTTON,,,,MANUFACTURED,F-W,40_Feet_Container,09-2021,10451.0,76.906,2960.867,0.0,3122.980467392613,624.5960934785224,52.613
GDEUML_TUG,GDEUML_TUG,EU WH,,54.526,15.255,GDEUML_1_TUG,GDEUML_1_TUG,EU WH,,54.526,15.255,TUG_CKW_CAROUSEL_COTTON,,,,MANUFACTURED,W-R,40_Feet_Container,04-2021,233937.0,1721.469,3012.571,0.0,0.0,6990.5337441433885,1.0
DC_JV_Australia_Australia_TUG,DC_JV_Australia_Australia_TUG,AUS WH,,-35.2809,149.13,DC_JV_Australia_Australia_1_TUG,DC_JV_Australia_Australia_1_TUG,AUS WH,,-35.2809,149.13,TUG_CKW_CAROUSEL_SYNTHETIC,,,,MANUFACTURED,W-R,40_Feet_Container,05-2021,9379.0,69.017,120.78,0.0,0.0,515.2787439066901,1.0
L2_88_TEEJAY_TUG,L2_88_TEEJAY_TUG,TEEJAY_SOUTH INDIA,,28.613889,77.208889,L1_10_MAS_BGD_TUG,L1_10_MAS_BGD_TUG,MAS_Bangladesh,,22.3304,91.8326,TUG_CKW_CAROUSEL_COTTON_TRIM,,,,RAW_MATERIAL,S-F,40_Feet_Container,07-2021,8724.45,13.959,24.428,0.0,0.0,20.066235,31.0
L1_12_MAS_SRI_TUG,L1_12_MAS_SRI_TUG,MAS_Sri Lanka,,6.9344,79.8428,GDEUML_TUG,GDEUML_TUG,EU WH,,54.526,15.255,TUG_CKW_CAROUSEL_COTTON,,,,MANUFACTURED,F-W,40_Feet_Container,03-2021,233937.0,1721.469,81339.418,0.0,0.0,13981.067488286775,57.613
L1_12_MAS_SRI_TUG,L1_12_MAS_SRI_TUG,MAS_Sri Lanka,,6.9344,79.8428,DC_99953_KOREA_TUG,DC_99953_KOREA_TUG,KR WH,,35.9078,127.76,TUG_CKW_CAROUSEL_COTTON,,,,MANUFACTURED,F-W,40_Feet_Container,04-2021,300.0,2.208,84.993,0.0,0.0,17.929272609660007,52.613
L1_12_MAS_SRI_TUG,L1_12_MAS_SRI_TUG,MAS_Sri Lanka,,6.9344,79.8428,DC_99949_CHINA_TUG,DC_99949_CHINA_TUG,CHINA WH,,35.8617,104.19,TUG_CKW_CAROUSEL_COTTON,,,,MANUFACTURED,F-W,40_Feet_Container,04-2021,10927.0,80.408,2392.149,0.0,0.0,653.0438726858497,47.613
W46_TUG,W46_TUG,US WH,,37.0902,-95.712,W46_1_TUG,W46_1_TUG,US WH,,37.0902,-95.712,TUG_CKW_CAROUSEL_COTTON,,,,MANUFACTURED,W-R,40_Feet_Container,10-2021,523691.0,3853.678,6743.937,0.0,0.0,15648.997837042432,1.0
DC_99970_HONG_KONG_TUG,DC_99970_HONG_KONG_TUG,HK WH,,22.3193,114.16,DC_99970_HONG_KONG_1_TUG,DC_99970_HONG_KONG_1_TUG,HK WH,,22.3193,114.16,TUG_CKW_CAROUSEL_COTTON,,,,MANUFACTURED,W-R,40_Feet_Container,07-2021,11057.0,81.365,142.389,0.0,0.0,330.40661207501785,1.0
L1_12_MAS_SRI_TUG,L1_12_MAS_SRI_TUG,MAS_Sri Lanka,,6.9344,79.8428,DC_JV_Baseco_Panama_TUG,DC_JV_Baseco_Panama_TUG,PAN WH,,8.538,-80.7821,TUG_CKW_CAROUSEL_COTTON,,,,MANUFACTURED,F-W,40_Feet_Container,09-2021,1492.0,10.979,557.192,0.0,445.8412455602122,89.16824911204243,59.613
DC_JV_Baseco_Panama_TUG,DC_JV_Baseco_Panama_TUG,PAN WH,,8.538,-80.7821,DC_JV_Baseco_Panama_1_TUG,DC_JV_Baseco_Panama_1_TUG,PAN WH,,8.538,-80.7821,TUG_CKW_CAROUSEL_COTTON,,,,MANUFACTURED,W-R,40_Feet_Container,09-2021,36869.0,271.307,474.788,0.0,0.0,1101.7239197425913,1.0
GDEUML_TUG,GDEUML_TUG,EU WH,,54.526,15.255,GDEUML_1_TUG,GDEUML_1_TUG,EU WH,,54.526,15.255,TUG_CKW_CAROUSEL_SYNTHETIC,,,,MANUFACTURED,W-R,40_Feet_Container,05-2021,20617.0,151.714,265.5,0.0,0.0,1132.6902508928704,1.0
DC_JV_Baseco_Mexico_TUG,DC_JV_Baseco_Mexico_TUG,MEX WH,,23.6345,-102.55,DC_JV_Baseco_Mexico_1_TUG,DC_JV_Baseco_Mexico_1_TUG,MEX WH,,23.6345,-102.55,TUG_CKW_CAROUSEL_COTTON,,,,MANUFACTURED,W-R,40_Feet_Container,08-2021,28215.0,207.625,363.344,0.0,0.0,843.1240444692619,1.0
L1_12_MAS_SRI_TUG,L1_12_MAS_SRI_TUG,MAS_Sri Lanka,,6.9344,79.8428,W06_TUG,W06_TUG,Canada WH,,45.4215,-75.697,TUG_CKW_CAROUSEL_SYNTHETIC,,,,MANUFACTURED,F-W,40_Feet_Container,06-2021,6218.0,45.756,2402.207,0.0,12298.125201623285,1024.84376680194,65.0
L1_12_MAS_SRI_TUG,L1_12_MAS_SRI_TUG,MAS_Sri Lanka,,6.9344,79.8428,DC_JV_Australia_Australia_TUG,DC_JV_Australia_Australia_TUG,AUS WH,,-35.2809,149.13,TUG_CKW_CAROUSEL_COTTON,,,,MANUFACTURED,F-W,40_Feet_Container,05-2021,195358.0,1437.578,55346.767,0.0,58377.11397463266,11675.422794926531,52.613
L1_12_MAS_SRI_TUG,L1_12_MAS_SRI_TUG,MAS_Sri Lanka,,6.9344,79.8428,W46_TUG,W46_TUG,US WH,,37.0902,-95.712,TUG_CKW_CAROUSEL_SYNTHETIC,,,,MANUFACTURED,F-W,40_Feet_Container,06-2021,75884.0,558.407,29316.347,0.0,141747.3094028062,12507.11553554172,65.0
W46_TUG,W46_TUG,US WH,,37.0902,-95.712,W46_1_TUG,W46_1_TUG,US WH,,37.0902,-95.712,TUG_CKW_CAROUSEL_SYNTHETIC,,,,MANUFACTURED,W-R,40_Feet_Container,10-2021,26400.0,194.269,339.971,0.0,0.0,1450.4061029040004,1.0
L2_88_TEEJAY_TUG,L2_88_TEEJAY_TUG,TEEJAY_SOUTH INDIA,,28.613889,77.208889,L1_10_MAS_BGD_TUG,L1_10_MAS_BGD_TUG,MAS_Bangladesh,,22.3304,91.8326,TUG_CKW_CAROUSEL_COTTON_TRIM,,,,RAW_MATERIAL,S-F,40_Feet_Container,06-2021,26184.550000000003,41.895,73.317,0.0,0.0,30.1122325,31.0
DC_99953_KOREA_TUG,DC_99953_KOREA_TUG,KR WH,,35.9078,127.76,DC_99953_KOREA_1_TUG,DC_99953_KOREA_1_TUG,KR WH,,35.9078,127.76,TUG_CKW_CAROUSEL_COTTON,,,,MANUFACTURED,W-R,40_Feet_Container,05-2021,300.0,2.208,3.863,0.0,0.0,8.964636304830004,1.0
L1_10_MAS_BGD_TUG,L1_10_MAS_BGD_TUG,MAS_Bangladesh,,22.3304,91.8326,GDEUML_TUG,GDEUML_TUG,EU WH,,54.526,15.255,TUG_CKW_CAROUSEL_COTTON,,,,MANUFACTURED,F-W,40_Feet_Container,04-2021,1110376.0,8170.909,461928.747,0.0,0.0,99541.1700161192,62.0
L2_69_THOMAS_KERSHAW_TUG,L2_69_THOMAS_KERSHAW_TUG,THOMAS KERSHAW_SOUTH CHINA,,39.9042,116.4074,L1_12_MAS_SRI_TUG,L1_12_MAS_SRI_TUG,MAS_Sri Lanka,,6.9344,79.8428,TUG_CKW_CAROUSEL_SYNTHETIC_TRIM,,,,RAW_MATERIAL,S-F,40_Feet_Container,03-2021,4811.650000000001,7.699,13.473,0.0,0.0,18.28427,31.0
DC_99970_HONG_KONG_TUG,DC_99970_HONG_KONG_TUG,HK WH,,22.3193,114.16,DC_99970_HONG_KONG_1_TUG,DC_99970_HONG_KONG_1_TUG,HK WH,,22.3193,114.16,TUG_CKW_CAROUSEL_COTTON,,,,MANUFACTURED,W-R,40_Feet_Container,10-2021,1016.0,7.476,13.084,0.0,0.0,30.360234952357615,1.0
L2_99_TEEJAY_TUG,L2_99_TEEJAY_TUG,TEEJAY_SRI LANKA,,6.9531,80.2056,L1_10_MAS_BGD_TUG,L1_10_MAS_BGD_TUG,MAS_Bangladesh,,22.3304,91.8326,TUG_CKW_CAROUSEL_COTTON_MBF,,,,RAW_MATERIAL,S-F,40_Feet_Container,02-2021,426649.780935007,682.64,1194.619,0.0,0.0,8149.010815858636,31.0
W06_TUG,W06_TUG,Canada WH,,45.4215,-75.697,W06_1_TUG,W06_1_TUG,Canada WH,,45.4215,-75.697,TUG_CKW_CAROUSEL_COTTON,,,,MANUFACTURED,W-R,40_Feet_Container,06-2021,144692.0,1064.743,1863.3,0.0,0.0,4323.703854061543,1.0
L1_10_MAS_BGD_TUG,L1_10_MAS_BGD_TUG,MAS_Bangladesh,,22.3304,91.8326,DC_99970_HONG_KONG_TUG,DC_99970_HONG_KONG_TUG,HK WH,,22.3193,114.16,TUG_CKW_CAROUSEL_COTTON,,,,MANUFACTURED,F-W,40_Feet_Container,03-2021,289.0,2.127,63.871,0.0,0.0,17.27186594730581,47.0
DC_JV_Baseco_Panama_TUG,DC_JV_Baseco_Panama_TUG,PAN WH,,8.538,-80.7821,DC_JV_Baseco_Panama_1_TUG,DC_JV_Baseco_Panama_1_TUG,PAN WH,,8.538,-80.7821,TUG_CKW_CAROUSEL_COTTON,,,,MANUFACTURED,W-R,40_Feet_Container,10-2021,1492.0,10.979,19.214,0.0,0.0,44.584124556021216,1.0
DC_99970_HONG_KONG_TUG,DC_99970_HONG_KONG_TUG,HK WH,,22.3193,114.16,DC_99970_HONG_KONG_1_TUG,DC_99970_HONG_KONG_1_TUG,HK WH,,22.3193,114.16,TUG_CKW_CAROUSEL_COTTON,,,,MANUFACTURED,W-R,40_Feet_Container,09-2021,400.0,2.943,5.151,0.0,0.0,11.952848406440005,1.0
DC_99970_HONG_KONG_TUG,DC_99970_HONG_KONG_TUG,HK WH,,22.3193,114.16,DC_99970_HONG_KONG_1_TUG,DC_99970_HONG_KONG_1_TUG,HK WH,,22.3193,114.16,TUG_CKW_CAROUSEL_COTTON,,,,MANUFACTURED,W-R,40_Feet_Container,04-2021,289.0,2.127,3.722,0.0,0.0,8.635932973652904,1.0
L2_88_TEEJAY_TUG,L2_88_TEEJAY_TUG,TEEJAY_SOUTH INDIA,,28.613889,77.208889,L1_10_MAS_BGD_TUG,L1_10_MAS_BGD_TUG,MAS_Bangladesh,,22.3304,91.8326,TUG_CKW_CAROUSEL_COTTON_TRIM,,,,RAW_MATERIAL,S-F,40_Feet_Container,02-2021,175675.85,281.081,491.892,0.0,0.0,202.0272275,31.0
W46_TUG,W46_TUG,US WH,,37.0902,-95.712,W46_1_TUG,W46_1_TUG,US WH,,37.0902,-95.712,TUG_CKW_CAROUSEL_COTTON,,,,MANUFACTURED,W-R,40_Feet_Container,05-2021,389439.0,2865.76,5015.079,0.0,0.0,11637.263326388971,1.0
W06_TUG,W06_TUG,Canada WH,,45.4215,-75.697,W06_1_TUG,W06_1_TUG,Canada WH,,45.4215,-75.697,TUG_CKW_CAROUSEL_COTTON,,,,MANUFACTURED,W-R,40_Feet_Container,08-2021,153015.0,1125.989,1970.482,0.0,0.0,4572.412747278544,1.0
DC_JV_Australia_Australia_TUG,DC_JV_Australia_Australia_TUG,AUS WH,,-35.2809,149.13,DC_JV_Australia_Australia_1_TUG,DC_JV_Australia_Australia_1_TUG,AUS WH,,-35.2809,149.13,TUG_CKW_CAROUSEL_COTTON,,,,MANUFACTURED,W-R,40_Feet_Container,05-2021,38049.0,279.991,489.984,0.0,0.0,1136.9848225415894,1.0
W46_TUG,W46_TUG,US WH,,37.0902,-95.712,W46_1_TUG,W46_1_TUG,US WH,,37.0902,-95.712,TUG_CKW_CAROUSEL_COTTON,,,,MANUFACTURED,W-R,40_Feet_Container,09-2021,748512.0,5508.066,9639.115,0.0,0.0,22367.126166003058,1.0
W06_TUG,W06_TUG,Canada WH,,45.4215,-75.697,W06_1_TUG,W06_1_TUG,Canada WH,,45.4215,-75.697,TUG_CKW_CAROUSEL_SYNTHETIC,,,,MANUFACTURED,W-R,40_Feet_Container,08-2021,5018.0,36.926,64.62,0.0,0.0,275.68703880198007,1.0
W06_TUG,W06_TUG,Canada WH,,45.4215,-75.697,W06_1_TUG,W06_1_TUG,Canada WH,,45.4215,-75.697,TUG_CKW_CAROUSEL_COTTON,,,,MANUFACTURED,W-R,40_Feet_Container,10-2021,2651.0,19.508,34.139,0.0,0.0,79.21750281368114,1.0
L2_88_TEEJAY_TUG,L2_88_TEEJAY_TUG,TEEJAY_SOUTH INDIA,,28.613889,77.208889,L1_12_MAS_SRI_TUG,L1_12_MAS_SRI_TUG,MAS_Sri Lanka,,6.9344,79.8428,TUG_CKW_CAROUSEL_COTTON_TRIM,,,,RAW_MATERIAL,S-F,40_Feet_Container,07-2021,597.15,0.955,1.672,0.0,0.0,1.3734449999999998,31.0
DC_JV_Australia_Australia_TUG,DC_JV_Australia_Australia_TUG,AUS WH,,-35.2809,149.13,DC_JV_Australia_Australia_1_TUG,DC_JV_Australia_Australia_1_TUG,AUS WH,,-35.2809,149.13,TUG_CKW_CAROUSEL_COTTON,,,,MANUFACTURED,W-R,40_Feet_Container,09-2021,59010.0,434.236,759.913,0.0,0.0,1763.3439611600616,1.0
DC_99949_CHINA_TUG,DC_99949_CHINA_TUG,CHINA WH,,35.8617,104.19,DC_99949_CHINA_1_TUG,DC_99949_CHINA_1_TUG,CHINA WH,,35.8617,104.19,TUG_CKW_CAROUSEL_COTTON,,,,MANUFACTURED,W-R,40_Feet_Container,05-2021,10927.0,80.408,140.715,0.0,0.0,326.52193634292485,1.0
L1_12_MAS_SRI_TUG,L1_12_MAS_SRI_TUG,MAS_Sri Lanka,,6.9344,79.8428,GDEUML_TUG,GDEUML_TUG,EU WH,,54.526,15.255,TUG_CKW_CAROUSEL_SYNTHETIC,,,,MANUFACTURED,F-W,40_Feet_Container,04-2021,20617.0,151.714,7168.489,0.0,0.0,3398.070752678611,62.0
W06_TUG,W06_TUG,Canada WH,,45.4215,-75.697,W06_1_TUG,W06_1_TUG,Canada WH,,45.4215,-75.697,TUG_CKW_CAROUSEL_COTTON,,,,MANUFACTURED,W-R,40_Feet_Container,07-2021,53366.0,392.704,687.231,0.0,0.0,1594.6892701451932,1.0
GDEUML_TUG,GDEUML_TUG,EU WH,,54.526,15.255,GDEUML_1_TUG,GDEUML_1_TUG,EU WH,,54.526,15.255,TUG_CKW_CAROUSEL_COTTON,,,,MANUFACTURED,W-R,40_Feet_Container,10-2021,174489.0,1284.01,2247.017,0.0,0.0,5214.101413978275,1.0
W46_TUG,W46_TUG,US WH,,37.0902,-95.712,W46_1_TUG,W46_1_TUG,US WH,,37.0902,-95.712,TUG_CKW_CAROUSEL_COTTON,,,,MANUFACTURED,W-R,40_Feet_Container,08-2021,739024.0,5438.246,9516.931,0.0,0.0,22083.604601802297,1.0
L2_69_THOMAS_KERSHAW_TUG,L2_69_THOMAS_KERSHAW_TUG,THOMAS KERSHAW_SOUTH CHINA,,39.9042,116.4074,L1_12_MAS_SRI_TUG,L1_12_MAS_SRI_TUG,MAS_Sri Lanka,,6.9344,79.8428,TUG_CKW_CAROUSEL_SYNTHETIC_TRIM,,,,RAW_MATERIAL,S-F,40_Feet_Container,01-2021,4627.6,7.404,12.957,0.0,0.0,8.79244,31.0
L1_10_MAS_BGD_TUG,L1_10_MAS_BGD_TUG,MAS_Bangladesh,,22.3304,91.8326,W46_TUG,W46_TUG,US WH,,37.0902,-95.712,TUG_CKW_CAROUSEL_COTTON,,,,MANUFACTURED,F-W,40_Feet_Container,09-2021,523691.0,3853.678,238285.766,0.0,0.0,46946.99351112729,65.0
L1_10_MAS_BGD_TUG,L1_10_MAS_BGD_TUG,MAS_Bangladesh,,22.3304,91.8326,W46_TUG,W46_TUG,US WH,,37.0902,-95.712,TUG_CKW_CAROUSEL_COTTON,,,,MANUFACTURED,F-W,40_Feet_Container,04-2021,389439.0,2865.76,177199.475,0.0,0.0,34911.78997916692,65.0
L1_12_MAS_SRI_TUG,L1_12_MAS_SRI_TUG,MAS_Sri Lanka,,6.9344,79.8428,GDEUML_TUG,GDEUML_TUG,EU WH,,54.526,15.255,TUG_CKW_CAROUSEL_SYNTHETIC,,,,MANUFACTURED,F-W,40_Feet_Container,06-2021,10035.0,73.844,3489.149,0.0,0.0,1653.9574139365504,62.0
GDEUML_TUG,GDEUML_TUG,EU WH,,54.526,15.255,GDEUML_1_TUG,GDEUML_1_TUG,EU WH,,54.526,15.255,TUG_CKW_CAROUSEL_COTTON,,,,MANUFACTURED,W-R,40_Feet_Container,09-2021,348949.0,2567.806,4493.661,0.0,0.0,10427.336246447085,1.0
W46_TUG,W46_TUG,US WH,,37.0902,-95.712,W46_1_TUG,W46_1_TUG,US WH,,37.0902,-95.712,TUG_CKW_CAROUSEL_COTTON,,,,MANUFACTURED,W-R,40_Feet_Container,07-2021,910064.0,6696.876,11719.533,0.0,0.0,27194.64258039604,1.0
L1_10_MAS_BGD_TUG,L1_10_MAS_BGD_TUG,MAS_Bangladesh,,22.3304,91.8326,W46_TUG,W46_TUG,US WH,,37.0902,-95.712,TUG_CKW_CAROUSEL_COTTON,,,,MANUFACTURED,F-W,40_Feet_Container,05-2021,2995241.0,22041.041,1362871.036,0.0,0.0,268512.46210315323,65.0
